employeeId,firstName,lastName,email,jobTitle,companyId
123,John,Doe,john.doe@abccompany.com,Developer,1
124,Joe,Doe,Joe.doe@abccompany.com,Developer,1
125,Jill,Doe,Jill.doe@google.com,Developer,3
126,Jota,Doe,Jota.doe@google.com,Developer,3
127,Mark,Doe,Mark.doe@google.com,Developer,3
128,Sam,Doe,sam.doe@google.com,Developer,3
129,Sara,Doe,sara.doe@google.com,Developer,3
130,Bill,Doe,bill.doe@google.com,Developer,3
131,Bob,Doe,bob.doe@google.com,Developer,3
132,Dillion,Doe,dillion.doe@abccompany.com,Developer,1
133,Rose,Doe,rose.doe@abccompany.com,Developer,1
134,Chris,Doe,chris.doe@abccompany.com,Developer,1
135,Cara,Doe,cara.doe@acme.com,Developer,2
136,Mara,Doe,mara.doe@acme.com,Developer,2
137,Sandy,Doe,sandy.doe@abccompany.com,Developer,1
138,Mandy,Doe,mandy.doe@abccompany.com,Developer,1
139,Maddy,Doe,maddy.doe@abccompany.com,Developer,1
140,Caddy,Doe,caddy.doe@abccompany.com,Developer,1
141,Sadie,Doe,sadie.doe@abccompany.com,Developer,1
142,Anna,Doe,anna.doe@abccompany.com,Developer,1
143,Hannah,Doe,hannah.doe@abccompany.com,Developer,1
144,Yogi,Doe,yogi.doe@abccompany.com,Developer,1
145,Leaf,Doe,leaf.doe@abccompany.com,Developer,1
146,Seven,Doe,seven.doe@abccompany.com,Developer,1
147,Eight,Doe,eight.doe@abccompany.com,Developer,1
148,Nine,Doe,nine.doe@abccompany.com,Developer,1
149,Jdsn,Doe,jdsn.doe@abccompany.com,Developer,1
150,Jfdn,Doe,jfdn.doe@abccompany.com,Developer,1
151,Jfgn,Doe,jfgn.doe@abccompany.com,Developer,1
152,Jgdn,Doe,jgdn.doe@abccompany.com,Developer,1
153,John,DFoe,john.dfoe@abccompany.com,Developer,1
154,Josd,Doe,josd.doe@abccompany.com,Developer,1
155,Josh,Doe,josh.doe@abccompany.com,Developer,1
156,Joshua,Doe,joshua.doe@abccompany.com,Developer,1
157,Jooke,Doe,jooke.doe@abccompany.com,Developer,1
158,Jack,Doe,jack.doe@abccompany.com,Developer,1
159,Joel,Doe,joel.doe@abccompany.com,Developer,1
160,Jollen,Doe,jollen.doe@abccompany.com,Developer,1
161,Joker,Doe,joker.doe@abccompany.com,Developer,1
162,Jite,Doe,jite.doe@abccompany.com,Developer,1